"currency","lb_z_p","lb_z2_p_course","lb_z2_p_adjusted"
"CNY",0.209092247418663,0.00962296446979038,0.00297607620151119
"USD",0.415925259536007,0.0833102992074729,0.0343682355073187
"TWI",0.258284448010031,0.0879197186968422,0.036600006884683
"SDR",0.125620540157782,0.00575289964357517,0.0016854742689717
