"currency","persistence","model_variance","sample_variance","ratio"
"CNY",0.912521272149204,0.317865165766406,0.336854610445824,0.943627178935489
"USD",0.952889694166354,0.438319817308619,0.438086259447526,1.00053313213107
"TWI",0.900507068626168,0.247633070423658,0.267471013807256,0.92583142710973
"SDR",0.924328926641438,0.452582436221129,0.449171780479703,1.00759321019184
