"const","trend","p","d","q","aic","bic","lb_p"
1,1,3,0,2,-2146.13416465179,-2117.64871160366,0.993872681255011
