"term","estimate"
"ar1",-0.390178901332655
"ar2",-0.0435678686531685
"ar3",0.0139432213990698
"ar4",0.115994619357549
"ar5",-0.0070621538495809
"ar6",0.0616042856520364
"ar7",-0.321851946836651
"ma1",0.863943002051395
