"order_p","order_d","order_q","min_rr","mean_rr","max_rr"
7,1,5,0.00682938986162026,4.34065888502445,15.0305492514453
