"order_p","order_d","order_q","min_rr","mean_rr","max_rr"
7,1,1,-1.74480918821212,3.41894051976298,12.3977822873828
