"const","trend","p","d","q","aic","bic","lb_p"
0,0,7,1,1,460.640071361437,492.616707625731,0.998532968644538
