"currency","sample_variance"
"CNY",0.336854610445824
"USD",0.438086259447526
"TWI",0.267471013807256
"SDR",0.449171780479703
